{
    "info": "An cellphone lens (80deg FoV, F/2.0) designed by DeepLens, Xinge Yang",
    "foclen": 6.525688727904891,
    "fnum": 3.2628443639524454,
    "r_sensor": 3.5649999999999995,
    "d_sensor": 8.093751907348633,
    "sensor_size": [
        5.041671349860083,
        5.041671349860083
    ],
    "surfaces": [
        {
            "type": "Stop",
            "r": 1.0,
            "c": 0.0,
            "d": 0.0,
            "mat1": "air",
            "mat2": "air",
            "d_next": 0.10000000149011612
        },
        {
            "type": "Aspheric",
            "r": 1.19,
            "c": 0.05959999933838844,
            "roc": 16.778523676189014,
            "d": 0.10000000149011612,
            "k": 7.409999847412109,
            "ai": [
                0.021311480551958084,
                -0.018954070284962654,
                -0.0016032600542530417,
                -0.0004797200090251863,
                -0.00032509840093553066,
                -0.0003486395871732384
            ],
            "mat1": "air",
            "mat2": "pmma",
            "ai2": 0.021311480551958084,
            "ai4": -0.018954070284962654,
            "ai6": -0.0016032600542530417,
            "ai8": -0.0004797200090251863,
            "ai10": -0.00032509840093553066,
            "ai12": -0.0003486395871732384,
            "d_next": 0.8649999722838402
        },
        {
            "type": "Aspheric",
            "r": 1.45,
            "c": -0.04659999907016754,
            "roc": -21.459227895997568,
            "d": 0.9649999737739563,
            "k": 10.149999618530273,
            "ai": [
                -0.06371335685253143,
                -0.018928850069642067,
                0.0008296900196000934,
                0.00018603999342303723,
                2.039419996435754e-05,
                -1.8416010789223947e-05
            ],
            "mat1": "pmma",
            "mat2": "air",
            "ai2": -0.06371335685253143,
            "ai4": -0.018928850069642067,
            "ai6": 0.0008296900196000934,
            "ai8": 0.00018603999342303723,
            "ai10": 2.039419996435754e-05,
            "ai12": -1.8416010789223947e-05,
            "d_next": 0.3490000367164612
        },
        {
            "type": "Aspheric",
            "r": 1.565,
            "c": -0.05270000174641609,
            "roc": -18.975331439491,
            "d": 1.3140000104904175,
            "k": 3.119999885559082,
            "ai": [
                -0.11747190356254578,
                0.0007665000157430768,
                0.001187979942187667,
                1.4870000086375512e-05,
                -1.5086699931998737e-05,
                -5.52691972188768e-07
            ],
            "mat1": "air",
            "mat2": "okp4",
            "ai2": -0.11747190356254578,
            "ai4": 0.0007665000157430768,
            "ai6": 0.001187979942187667,
            "ai8": 1.4870000086375512e-05,
            "ai10": -1.5086699931998737e-05,
            "ai12": -5.52691972188768e-07,
            "d_next": 0.7979999780654907
        },
        {
            "type": "Aspheric",
            "r": 1.85,
            "c": -0.0272000003606081,
            "roc": -36.76470539493932,
            "d": 2.111999988555908,
            "k": -10.029999732971191,
            "ai": [
                -0.0734446570277214,
                -0.007422800175845623,
                -0.0016431600088253617,
                -0.00018428999464958906,
                -1.3033700270170812e-05,
                -3.0923879421607126e-06
            ],
            "mat1": "okp4",
            "mat2": "air",
            "ai2": -0.0734446570277214,
            "ai4": -0.007422800175845623,
            "ai6": -0.0016431600088253617,
            "ai8": -0.00018428999464958906,
            "ai10": -1.3033700270170812e-05,
            "ai12": -3.0923879421607126e-06,
            "d_next": 0.17100000381469727
        },
        {
            "type": "Aspheric",
            "r": 2.095,
            "c": 0.03720000013709068,
            "roc": 26.881720331042114,
            "d": 2.2829999923706055,
            "k": 0.6499999761581421,
            "ai": [
                0.09783822298049927,
                -0.0010136299533769488,
                0.0002303100045537576,
                4.9369999032933265e-05,
                4.578900188789703e-06,
                3.3777018870750908e-06
            ],
            "mat1": "air",
            "mat2": "coc",
            "ai2": 0.09783822298049927,
            "ai4": -0.0010136299533769488,
            "ai6": 0.0002303100045537576,
            "ai8": 4.9369999032933265e-05,
            "ai10": 4.578900188789703e-06,
            "ai12": 3.3777018870750908e-06,
            "d_next": 0.8429999351501465
        },
        {
            "type": "Aspheric",
            "r": 2.095,
            "c": -0.0406000018119812,
            "roc": -24.630540772658204,
            "d": 3.125999927520752,
            "k": -2.8499999046325684,
            "ai": [
                -0.05480308085680008,
                4.312999953981489e-05,
                0.0003990400000475347,
                3.733999983523972e-05,
                3.28009991790168e-06,
                -1.9050889932259452e-06
            ],
            "mat1": "coc",
            "mat2": "air",
            "ai2": -0.05480308085680008,
            "ai4": 4.312999953981489e-05,
            "ai6": 0.0003990400000475347,
            "ai8": 3.733999983523972e-05,
            "ai10": 3.28009991790168e-06,
            "ai12": -1.9050889932259452e-06,
            "d_next": 0.6340000629425049
        },
        {
            "type": "Aspheric",
            "r": 2.065,
            "c": -0.045099999755620956,
            "roc": -22.17294912236373,
            "d": 3.759999990463257,
            "k": 2.3499999046325684,
            "ai": [
                -0.1011132001876831,
                -0.015854740515351295,
                -0.0007796299760229886,
                -6.674999895039946e-05,
                -5.041899839852704e-06,
                9.539179472994874e-07
            ],
            "mat1": "air",
            "mat2": "polycarb",
            "ai2": -0.1011132001876831,
            "ai4": -0.015854740515351295,
            "ai6": -0.0007796299760229886,
            "ai8": -6.674999895039946e-05,
            "ai10": -5.041899839852704e-06,
            "ai12": 9.539179472994874e-07,
            "d_next": 0.4529998302459717
        },
        {
            "type": "Aspheric",
            "r": 2.335,
            "c": -0.013199999928474426,
            "roc": -75.75757616807607,
            "d": 4.2129998207092285,
            "k": -84.93000030517578,
            "ai": [
                -0.0014881399692967534,
                0.0008201400050893426,
                -0.0009465200128033757,
                -0.00010758999997051433,
                -7.264200121426256e-06,
                -8.331419962814834e-07
            ],
            "mat1": "polycarb",
            "mat2": "air",
            "ai2": -0.0014881399692967534,
            "ai4": 0.0008201400050893426,
            "ai6": -0.0009465200128033757,
            "ai8": -0.00010758999997051433,
            "ai10": -7.264200121426256e-06,
            "ai12": -8.331419962814834e-07,
            "d_next": 0.4739999771118164
        },
        {
            "type": "Aspheric",
            "r": 2.35,
            "c": -0.015200000256299973,
            "roc": -65.78947257487894,
            "d": 4.686999797821045,
            "k": -16.809999465942383,
            "ai": [
                0.02898400090634823,
                -0.007466960232704878,
                7.139999979699496e-06,
                9.579999641573522e-06,
                -1.54467998072505e-05,
                -4.1690859688969795e-06
            ],
            "mat1": "air",
            "mat2": "coc",
            "ai2": 0.02898400090634823,
            "ai4": -0.007466960232704878,