{
    "info": "None",
    "foclen": 89.2728,
    "fnum": 3.3286,
    "r_sensor": 21.6,
    "(d_sensor)": 108.2833,
    "(sensor_size)": [
        30.547,
        30.547
    ],
    "surfaces": [
        {
            "idx": 1,
            "type": "Plane",
            "(l)": 37.47665940288702,
            "r": 20.730226135253904,
            "(d)": 0.0,
            "is_square": true,
            "mat2": "n-sf10",
            "d_next": 6.58
        },
        {
            "idx": 2,
            "type": "Anamorphic",
            "r": 19.2561,
            "cx": 0.0259,
            "roc_x": 38.5575,
            "cy": 0.0,
            "roc_y": 1000000028.2819,
            "d": 6.58,
            "mat2": "air",
            "d_next": 17.92
        },
        {
            "idx": 3,
            "type": "Anamorphic",
            "r": 17.5,
            "cx": 0.02,
            "roc_x": 50.0,
            "cy": 0.0,
            "roc_y": 1000000028.2819,
            "d": 24.5,
            "mat2": "n-sf10",
            "d_next": 4.0
        },
        {
            "idx": 4,
            "type": "Plane",
            "(l)": 24.748737341529164,
            "r": 17.5,
            "(d)": 28.5,
            "is_square": true,
            "mat2": "air",
            "d_next": 79.7833
        }
    ]
}