{
    "info": "None",
    "foclen": 82.4348,
    "fnum": 2.8832,
    "r_sensor": 21.6,
    "(d_sensor)": 107.2545,
    "(sensor_size)": [
        30.547,
        30.547
    ],
    "surfaces": [
        {
            "idx": 1,
            "type": "Plane",
            "(l)": 37.47665940288702,
            "r": 22.926608276367187,
            "(d)": 0.0,
            "is_square": true,
            "mat2": "n-bk7",
            "d_next": 2.1668
        },
        {
            "idx": 2,
            "type": "Anamorphic",
            "r": 25.2131,
            "cx": 0.0079,
            "roc_x": 126.5094,
            "cy": 0.0,
            "roc_y": 1000000028.2819,
            "d": 2.1668,
            "mat2": "air",
            "d_next": 22.3332
        },
        {
            "idx": 3,
            "type": "Anamorphic",
            "r": 17.5,
            "cx": 0.02,
            "roc_x": 50.0,
            "cy": 0.0,
            "roc_y": 1000000028.2819,
            "d": 24.5,
            "mat2": "n-sf10",
            "d_next": 4.0
        },
        {
            "idx": 4,
            "type": "Plane",
            "(l)": 24.748737341529164,
            "r": 17.5,
            "(d)": 28.5,
            "is_square": true,
            "mat2": "air",
            "d_next": 78.7545
        }
    ]
}