{
    "info": "None",
    "foclen": 82.4348,
    "fnum": 2.8832,
    "r_sensor": 21.6,
    "(d_sensor)": 107.222,
    "(sensor_size)": [
        30.547,
        30.547
    ],
    "surfaces": [
        {
            "idx": 1,
            "type": "Plane",
            "(l)": 37.47665940288702,
            "r": 22.926608276367187,
            "(d)": 0.0,
            "is_square": true,
            "mat2": "n-bk7",
            "d_next": 0.2906
        },
        {
            "idx": 2,
            "type": "Anamorphic",
            "r": 26.0385,
            "cx": 0.0064,
            "roc_x": 155.7797,
            "cy": 0.0,
            "roc_y": 1000000028.2819,
            "d": 0.2906,
            "mat2": "air",
            "d_next": 24.2094
        },
        {
            "idx": 3,
            "type": "Anamorphic",
            "r": 17.5,
            "cx": 0.02,
            "roc_x": 50.0,
            "cy": 0.0,
            "roc_y": 1000000028.2819,
            "d": 24.5,
            "mat2": "n-sf10",
            "d_next": 4.0
        },
        {
            "idx": 4,
            "type": "Plane",
            "(l)": 24.748737341529164,
            "r": 17.5,
            "(d)": 28.5,
            "is_square": true,
            "mat2": "air",
            "d_next": 78.722
        }
    ]
}