{
    "info": "None",
    "foclen": 50.0,
    "fnum": 1.8,
    "r_sensor": 21.6,
    "d_sensor": 109.25,
    "sensor_size": [
        30.547012947258853,
        30.547012947258853
    ],
    "surfaces": [
        {
            "type": "Plane",
            "l": 37.4766594029,
            "r": 26.5,
            "d": 0.0,
            "is_square": true,
            "mat2": "n-sf10",
            "d_next":  6.73
        },
        {
            "type": "Anamorphic",
            "r": 26.5,
            "c_x": 0.02666666667,
            "roc_x": 37.5,
            "c_y": 0.000000001,
            "roc_y": 1000000000,
            "squeeze": 1.5,
            "base_focal": 50.0,
            "d": 6.73,
            "mat2": "air",
            "d_next": 17.77
        },
        {
            "type": "Anamorphic",
            "r": 17.5,
            "c_x": 0.02,
            "roc_x": 50.0,
            "c_y": 0.000000001,
            "roc_y": 1000000000,
            "squeeze": 1.5,
            "base_focal": 50.0,
            "d": 24.5,
            "mat2": "n-sf10",
            "d_next": 4.0
        },
        {
            "type": "Plane",
            "l": 24.7487373415,
            "r": 17.5,
            "d": 28.5,
            "is_square": true,
            "mat2": "air",
            "d_next": 80.75
        }
    ]
}
