{
    "foclen": 7.508396961682535,
    "fnum": 3.7541984808412674,
    "r_last": 3.5649999999999995,
    "d_sensor": 11.084592819213867,
    "sensor_size": [
        5.041671349860083,
        5.041671349860083
    ],
    "surfaces": [
        {
            "type": "Stop",
            "r": 1.0,
            "c": 0.0,
            "d": 0.0,
            "mat1": "air",
            "mat2": "air",
            "d_next": 0.0
        },
        {
            "type": "Aspheric",
            "r": 6.35,
            "c": 0.2103879451751709,
            "roc": 4.753124040293235,
            "d": 0.0,
            "k": -1.205070972442627,
            "ai": [
                0.0005332418368197978,
                1.1162886949023232e-05,
                -3.7455666301866586e-07,
                -7.634201715234212e-09,
                1.3602199921969316e-10
            ],
            "mat1": "air",
            "mat2": "hk51",
            "ai2": 0.0005332418368197978,
            "ai4": 1.1162886949023232e-05,
            "ai6": -3.7455666301866586e-07,
            "ai8": -7.634201715234212e-09,
            "ai10": 1.3602199921969316e-10,
            "d_next": 7.5
        },
        {
            "type": "Spheric",
            "r": 6.35,
            "c": -0.06390020996332169,
            "roc": -15.649400848197425,
            "d": 7.5,
            "mat1": "hk51",
            "mat2": "air",
            "d_next": 3.584592819213867
        }
    ]
}